feature,mean_abs_shap
entropy,0.06355629548096477
vitals_acuity,0.05121795033572198
biometrics_bmi_m,0.0282549320688413
prob_icu24h,0.025098089344377513
prob_icu24h_isotonic,0.020894768990803413
vitals_heartrate_last,0.02087093029552125
vitals_sbp_max,0.02020265679682052
biometrics_weight_m,0.017804112085367706
biometrics_height_m,0.017367078734490633
vitals_dbp_median,0.014575313759618439
labvalues_platelet_count_last,0.01449168632182591
spread,0.013303943155329762
vitals_heartrate_first,0.013119432938068712
labvalues_glucose_min,0.011232646880811898
labvalues_glucose_median,0.010682177174926664
prob_icu24h_platt,0.010617034527229976
labvalues_glucose_first,0.01040488984206695
vitals_sbp_min,0.009874835171956874
demographics_gender,0.00942272224395765
vitals_dbp_min,0.009401192285987235
labvalues_glucose_last,0.008269352463804353
vitals_dbp_last,0.007987791082987314
vitals_resprate_min,0.007615866586233097
labvalues_glucose_max,0.0075951585729478665
vitals_sbp_median,0.0073884777985404075
vitals_dbp_max,0.006807537050326118
labvalues_platelet_count_min,0.006508113022026464
vitals_sbp_last,0.0064151556211105
labvalues_asparate_aminotransferase_(ast)_min,0.0063653826052936895
demographics_age,0.006130281903986542
labvalues_alkaline_phosphatase_min,0.00612792590763911
labvalues_platelet_count_median,0.005861350943172511
vitals_sbp_mean,0.005550977979040909
vitals_dbp_first,0.005466227119714631
vitals_heartrate_min,0.005358348636183962
labvalues_platelet_count_mean,0.005198841912630314
labvalues_creatine_kinase_(ck)_min,0.004687770328511177
labvalues_hemoglobin_min,0.004683281674588215
vitals_o2sat_min,0.004676281081829075
vitals_o2sat_median,0.004520125646902216
vitals_heartrate_max,0.004491411550419344
labvalues_urea_nitrogen_median,0.00444153065877498
labvalues_alkaline_phosphatase_median,0.004339285223918978
labvalues_asparate_aminotransferase_(ast)_median,0.004191430500607566
labvalues_creatine_kinase_(ck)_first,0.004059900063777434
labvalues_hemoglobin_first,0.004038212272017176
labvalues_lymphocytes_median,0.0039068287155091495
labvalues_alkaline_phosphatase_last,0.003893648874389868
vitals_o2sat_max,0.0038491711281807284
labvalues_eosinophils_rate_change_m,0.003659069196290318
vitals_resprate_max,0.0035551962687686684
vitals_resprate_std,0.0034474885220820398
labvalues_white_blood_cells_mean,0.0034468018059524183
labvalues_neutrophils_mean,0.0034441687368944257
demographics_ethnicity,0.003405849287513092
labvalues_platelet_count_max,0.0032098119447546195
labvalues_platelet_count_first,0.0032016529365319004
labvalues_creatine_kinase_(ck)_mean,0.0031937668745199515
labvalues_glucose_mean,0.0031337627318113732
biometrics_height,0.0029340537138540126
labvalues_white_blood_cells_min,0.002923932735370272
labvalues_asparate_aminotransferase_(ast)_first,0.0028813764454187095
vitals_dbp_mean,0.002881173458675448
labvalues_asparate_aminotransferase_(ast)_max,0.002853829291122338
vitals_resprate_median,0.00274252083593251
labvalues_hemoglobin_median,0.0026961107629165327
labvalues_alkaline_phosphatase_mean,0.0026509014482124726
vitals_heartrate_mean,0.0026080021365191895
vitals_resprate_last,0.0025866444425763574
vitals_dbp_std,0.0025822786961439306
labvalues_white_blood_cells_median,0.002574469273078776
vitals_o2sat_first,0.0025684770205118496
labvalues_bicarbonate_max,0.002564659633212841
vitals_acuity_m,0.002457509077997145
labvalues_bicarbonate_last,0.0024367102422457663
labvalues_white_blood_cells_first,0.0024200482956352972
labvalues_hemoglobin_mean,0.0023804989195338067
labvalues_bicarbonate_mean,0.0023342347592955194
labvalues_neutrophils_max,0.0023129310846224486
labvalues_chloride_median,0.0022957615464597437
vitals_heartrate_median,0.0022886383041541194
labvalues_neutrophils_last,0.002272117988918694
labvalues_creatine_kinase_(ck)_last,0.002245477204720373
labvalues_hematocrit_last,0.0022317962021421956
vitals_heartrate_std,0.0022059896355017374
vitals_sbp_std,0.0022018226609229713
labvalues_alanine_aminotransferase_(alt)_min,0.0021988360023030965
vitals_o2sat_mean,0.0021743938786330545
labvalues_alkaline_phosphatase_max,0.0021647256049900534
labvalues_white_blood_cells_last,0.002144967309436936
labvalues_red_blood_cells_mean,0.0021441264306677112
vitals_temperature_last,0.00214359524842007
labvalues_red_blood_cells_first,0.0021039836695211137
labvalues_absolute_eosinophil_count_rate_change_m,0.0020860291520086774
vitals_sbp_first,0.0020679856601368554
labvalues_red_blood_cells_max,0.002009350089981126
labvalues_chloride_min,0.0020036824868087705
labvalues_urea_nitrogen_max,0.0019942158405154087
labvalues_hemoglobin_last,0.0019835131286190517
labvalues_urea_nitrogen_mean,0.0019704909074066564
labvalues_red_blood_cells_min,0.0019557903671394853
labvalues_chloride_mean,0.0019425543631705294
labvalues_alkaline_phosphatase_first,0.0019083758627148199
labvalues_creatine_kinase_(ck)_median,0.0018285795247101645
labvalues_inr(pt)_mean_m,0.0017817403862865717
labvalues_red_blood_cells_last,0.0017814956496185915
labvalues_red_blood_cells_median,0.0017620317742328099
vitals_temperature_first,0.00175895920460637
labvalues_inr(pt)_min_m,0.0017578635717935072
labvalues_inr(pt)_max_m,0.0017522027014565537
vitals_resprate_mean,0.0017338275243976113
labvalues_alanine_aminotransferase_(alt)_max,0.0017045425813245175
labvalues_asparate_aminotransferase_(ast)_last,0.001695179354352007
labvalues_sodium_median,0.001664947200628717
labvalues_pt_mean,0.0016639182617963827
labvalues_asparate_aminotransferase_(ast)_mean,0.0016636648578311224
labvalues_inr(pt)_last_m,0.0016562825938373465
labvalues_pt_median_m,0.0016466534353481847
labvalues_sodium_min,0.0016442410771478535
labvalues_bicarbonate_median,0.001638227184633422
labvalues_pt_coeff_m,0.001637053559901574
labvalues_pt_last_m,0.0016354050111192465
labvalues_pt_rate_change_m,0.00163001726667828
labvalues_inr(pt)_std_m,0.0016251037236131652
labvalues_sodium_first,0.001589229471603403
labvalues_pt_first,0.0015876459449940229
labvalues_pt_min_m,0.001581722832841649
labvalues_inr(pt)_coeff_m,0.0015788764345306845
labvalues_lymphocytes_last,0.0015766190875112897
biometrics_weight,0.0015649782101694995
labvalues_inr(pt)_rate_change_m,0.0015588854291030572
labvalues_white_blood_cells_max,0.0015459263888913028
labvalues_bicarbonate_min,0.0015441128844372542
vitals_o2sat_std,0.0015390853388937557
labvalues_sodium_std_m,0.0015303231995909528
labvalues_pt_first_m,0.00151529629648428
vitals_heartrate_coeff,0.001514677320816645
labvalues_pt_mean_m,0.0015122638493753585
labvalues_pt_max_m,0.0015073456368099656
labvalues_inr(pt)_median_m,0.001486202758474974
labvalues_sodium_mean_m,0.0014701787578071616
labvalues_lactate_rate_change_m,0.0014618598518206908
labvalues_ptt_min_m,0.001454812969067234
labvalues_lactate_last_m,0.00143220058587508
labvalues_sodium_last_m,0.0014301684912882138
labvalues_alanine_aminotransferase_(alt)_last,0.0014272070062990637
labvalues_inr(pt)_first_m,0.0014175452898721234
labvalues_lactate_median_m,0.0014112439217924475
labvalues_lactate_first_m,0.0014103253064159276
labvalues_troponin_t_coeff_m,0.0013796467056382653
labvalues_ptt_std_m,0.0013745389964741435
labvalues_troponin_t_first_m,0.0013725700654094056
labvalues_sodium_coeff_m,0.0013723084243500807
labvalues_sodium_rate_change_m,0.001371629464898433
labvalues_troponin_t_median_m,0.0013708799645925183
labvalues_troponin_t_mean_m,0.0013691688439120072
labvalues_troponin_t_rate_change_m,0.0013668528994132884
labvalues_lactate_mean_m,0.0013638363989286971
labvalues_pt_std_m,0.0013596705069070366
labvalues_troponin_t_min_m,0.0013563492398845512
labvalues_ptt_last_m,0.0013484128267854203
labvalues_alanine_aminotransferase_(alt)_first,0.0013480741762182333
labvalues_lactate_min_m,0.0013469683282512507
labvalues_bicarbonate_first,0.0013469299650575408
labvalues_chloride_last,0.0013453704665678857
labvalues_bicarbonate_max_m,0.0013421375864720844
labvalues_troponin_t_max_m,0.0013414935007956502
labvalues_lactate_max_m,0.0013386131895487664
labvalues_troponin_t_std_m,0.0013328751926098904
labvalues_ptt_max_m,0.001319412220259446
labvalues_lymphocytes_mean,0.0013141147072619113
labvalues_magnesium_std_m,0.0013021368830220012
labvalues_magnesium_rate_change_m,0.0013001175061976937
labvalues_potassium_first_m,0.001291919827542891
labvalues_potassium_coeff_m,0.0012906683566441188
labvalues_sodium_first_m,0.001282627286297185
labvalues_troponin_t_last_m,0.001277880594075782
labvalues_potassium_max_m,0.0012600030907455562
labvalues_bicarbonate_rate_change_m,0.0012520211963714303
labvalues_bicarbonate_coeff_m,0.0012404837909191428
labvalues_sodium_median_m,0.0012324187355266289
labvalues_magnesium_coeff_m,0.0012316561078025642
labvalues_chloride_std_m,0.0012249416581848465
labvalues_ptt_first_m,0.0012200319090919151
labvalues_potassium_median_m,0.0012112095282705013
labvalues_magnesium_first_m,0.0012093422192477874
labvalues_bicarbonate_min_m,0.0012056188474696228
labvalues_bicarbonate_std_m,0.0011914612157953287
labvalues_magnesium_median_m,0.0011906811402755011
labvalues_bicarbonate_median_m,0.0011897948558653297
labvalues_bicarbonate_last_m,0.0011815931894834648
labvalues_sodium_max_m,0.0011790918758320004
labvalues_ptt_coeff_m,0.0011778879761207008
labvalues_sodium_min_m,0.0011771403104489195
labvalues_bicarbonate_first_m,0.001170078101967988
labvalues_lactate_coeff_m,0.0011697075282922924
labvalues_lactate_std_m,0.0011552091550363457
labvalues_potassium_last_m,0.0011389850315468735
labvalues_ptt_median_m,0.0011363280114637712
labvalues_magnesium_min_m,0.0011319639705745105
labvalues_ptt_rate_change_m,0.0011223545210553424
labvalues_ptt_mean_m,0.0011167612064191417
labvalues_chloride_mean_m,0.0011086095902962825
labvalues_chloride_max_m,0.0011075808405379632
labvalues_potassium_std_m,0.0011021407846160684
labvalues_bicarbonate_mean_m,0.0010806294453267072
labvalues_chloride_first_m,0.0010680916758300327
labvalues_magnesium_last_m,0.0010551503846126594
labvalues_chloride_coeff_m,0.0010518112404068454
labvalues_sodium_mean,0.0010477110329734386
labvalues_magnesium_max_m,0.0010464530015010314
labvalues_chloride_min_m,0.0010278997693324073
labvalues_potassium_mean_m,0.0010276257626115636
labvalues_urea_nitrogen_first,0.0010165956445878238
labvalues_sodium_last,0.001009294363862182
labvalues_chloride_last_m,0.0010015978445401287
labvalues_magnesium_mean_m,0.0010009623260405077
labvalues_eosinophils_last,0.0009925800355481441
labvalues_basophils_first,0.0009877809373469973
labvalues_albumin_median,0.0009818042379863528
labvalues_potassium_rate_change_m,0.0009778617889112694
labvalues_chloride_max,0.0009646256878931325
labvalues_chloride_rate_change_m,0.0009627986680186212
labvalues_pt_median,0.0009584857940482436
labvalues_lymphocytes_min,0.0009560319228751411
labvalues_albumin_max,0.000950959476919742
labvalues_potassium_min_m,0.000944131453360697
labvalues_albumin_min,0.0009393060132801452
labvalues_creatinine_median_m,0.0009374944607087628
labvalues_albumin_first,0.0009348900350325522
biometrics_bmi,0.0009318255871707208
labvalues_sodium_max,0.0009288376086975915
labvalues_ptt_last,0.0009264053812759698
labvalues_ptt_max,0.0009206296373408236
labvalues_rdw_last,0.0009183075554543123
labvalues_albumin_mean,0.0009144035257161818
labvalues_basophils_max,0.000913698588291993
labvalues_urea_nitrogen_max_m,0.0009017176868430851
labvalues_basophils_median,0.000898195537231004
labvalues_basophils_mean,0.0008928686517228926
labvalues_chloride_median_m,0.0008908036065597571
labvalues_albumin_last,0.0008903762833271287
labvalues_rdw_mean,0.0008831322750626498
labvalues_urea_nitrogen_first_m,0.0008676380840470301
labvalues_creatinine_rate_change_m,0.0008646635852082909
labvalues_basophils_min,0.0008611016711838602
labvalues_basophils_last,0.0008608534118266106
labvalues_lymphocytes_max,0.0008391402216429924
labvalues_neutrophils_min,0.0008301707912937672
labvalues_lymphocytes_first,0.0008230459818282724
labvalues_neutrophils_median,0.0008076884360370968
labvalues_potassium_first,0.0008065230311174219
labvalues_chloride_first,0.0007888082538697177
labvalues_rdw_max,0.0007825606809190048
labvalues_c-reactive_protein_median,0.0007819182763839052
labvalues_creatinine_min_m,0.0007719892033419598
labvalues_creatinine_std_m,0.0007712194873793123
vitals_resprate_std_m,0.0007710744038499513
vitals_resprate_rate_change_m,0.0007671030409455852
labvalues_creatinine_mean_m,0.0007632448921779656
labvalues_eosinophils_min,0.0007615022776550404
vitals_resprate_last_m,0.0007500630295318444
labvalues_potassium_max,0.0007479283379172443
labvalues_eosinophils_first,0.0007383008507312639
labvalues_neutrophils_first,0.0007367710803325736
vitals_resprate_min_m,0.000732052801485338
labvalues_rdw_first_m,0.0007318842458318642
labvalues_creatinine_last_m,0.0007302627333397566
labvalues_eosinophils_max,0.000724351265350208
vitals_resprate_median_m,0.0007232285255549016
labvalues_lymphocytes_rate_change_m,0.000721337578898158
labvalues_urea_nitrogen_std_m,0.0007210299947334704
labvalues_basophils_rate_change_m,0.0007188277441446189
labvalues_eosinophils_mean,0.0007181192793362072
labvalues_hematocrit_min,0.0007145907792823607
vitals_resprate_mean_m,0.000706279630770382
labvalues_absolute_basophil_count_rate_change_m,0.0007062362667857087
labvalues_lymphocytes_mean_m,0.0006917821637384804
vitals_temperature_max,0.000686563488787101
labvalues_urea_nitrogen_min,0.0006854501018519841
vitals_resprate_first,0.0006843851560965177
labvalues_urea_nitrogen_min_m,0.0006831234393412018
labvalues_eosinophils_median,0.0006758600822769267
vitals_resprate_first_m,0.0006734598321288771
labvalues_creatinine_coeff_m,0.000669936013251494
labvalues_creatinine_first_m,0.0006669654777186338
labvalues_rdw_median_m,0.0006606625046616301
labvalues_creatinine_max_m,0.0006568270307978814
labvalues_lymphocytes_max_m,0.0006544131165908311
vitals_resprate_max_m,0.0006508604219055058
vitals_sbp_last_m,0.0006491424014620008
labvalues_rdw_first,0.0006470722068830667
labvalues_hematocrit_mean,0.0006450542600292692
vitals_sbp_coeff,0.0006301474642109675
vitals_resprate_coeff_m,0.0006184063706315328
labvalues_alanine_aminotransferase_(alt)_mean,0.0006178680351381871
labvalues_hematocrit_first,0.0006154276869252726
labvalues_rdw_last_m,0.0006112662509010534
labvalues_urea_nitrogen_last_m,0.0005950437254132339
labvalues_pt_last,0.0005914300584747245
labvalues_glucose_min_m,0.000590558669891152
labvalues_urea_nitrogen_mean_m,0.0005903685683796311
vitals_sbp_max_m,0.0005861339103906004
labvalues_lymphocytes_min_m,0.000585548791613519
labvalues_pt_min,0.0005844686695328392
labvalues_hematocrit_max,0.0005826230954783683
labvalues_creatine_kinase_(ck)_max,0.000581856673156949
labvalues_lymphocytes_last_m,0.0005788932457803924
"labvalues_calcium,_total_max",0.0005761597480600358
labvalues_urea_nitrogen_coeff_m,0.0005742828547333829
labvalues_c-reactive_protein_mean,0.0005729138329467461
"labvalues_calcium,_total_min_m",0.0005674600376680132
labvalues_lactate_max,0.000567178824608515
labvalues_lymphocytes_median_m,0.0005559972344757967
vitals_sbp_mean_m,0.0005370699853919518
labvalues_urea_nitrogen_last,0.0005367689812478034
labvalues_lymphocytes_first_m,0.0005298285612705627
labvalues_urea_nitrogen_median_m,0.0005287065894958687
labvalues_lymphocytes_coeff_m,0.0005281570871321719
labvalues_alanine_aminotransferase_(alt)_median,0.0005280290961564588
"labvalues_calcium,_total_last",0.0005224758783237462
labvalues_rdw_coeff_m,0.0005208916149898677
vitals_sbp_first_m,0.0005154758232051791
labvalues_absolute_lymphocyte_count_last_m,0.0005125567233254742
labvalues_glucose_last_m,0.0005083917619267595
labvalues_urea_nitrogen_rate_change_m,0.0005053990260166756
vitals_temperature_min,0.000502464877572379
labvalues_hemoglobin_max,0.0004970962562087032
labvalues_potassium_mean,0.0004964507438936607
labvalues_rdw_max_m,0.000494802423048796
labvalues_lymphocytes_std_m,0.0004945037832972047
labvalues_alanine_aminotransferase_(alt)_min_m,0.0004926864022719713
labvalues_absolute_lymphocyte_count_mean_m,0.0004918094031083342
"labvalues_calcium,_total_median",0.00048687108638837626
vitals_o2sat_last,0.0004866240817065659
"labvalues_calcium,_total_max_m",0.0004811446423890118
labvalues_eosinophils_mean_m,0.0004809971191724003
labvalues_eosinophils_std_m,0.00048005695703622563
labvalues_ptt_first,0.00046810142730487314
labvalues_c-reactive_protein_min,0.0004666583572756196
labvalues_glucose_first_m,0.00046242162687030943
labvalues_hemoglobin_median_m,0.00046122986904811116
labvalues_c-reactive_protein_max,0.00045810542945881496
"labvalues_bilirubin,_total_first_m",0.0004571983457836222
labvalues_absolute_lymphocyte_count_coeff_m,0.0004561420613943028
labvalues_ptt_min,0.00045253351616287316
labvalues_absolute_lymphocyte_count_median_m,0.0004500525318479873
vitals_sbp_min_m,0.0004499451918447406
"labvalues_bilirubin,_total_last_m",0.0004493974271237562
"labvalues_calcium,_total_std_m",0.0004479353023461989
labvalues_eosinophils_first_m,0.0004465497019703584
labvalues_rdw_min,0.0004463405688803661
labvalues_rdw_mean_m,0.0004458453146441599
"labvalues_calcium,_total_mean_m",0.0004439695255951008
labvalues_creatine_kinase_(ck)_median_m,0.00044368031338500204
labvalues_basophils_max_m,0.0004426353015008999
vitals_temperature_max_m,0.00044210405322156097
labvalues_c-reactive_protein_last,0.00044082845852130956
labvalues_hemoglobin_rate_change_m,0.0004395812420589209
labvalues_c-reactive_protein_first,0.00043602155635744566
vitals_heartrate_max_m,0.0004349866842039205
"labvalues_calcium,_total_mean",0.0004349732268520938
"labvalues_calcium,_total_coeff_m",0.00043442471805471425
labvalues_pco2_first,0.000432984103300345
labvalues_bands_rate_change_m,0.00043251999639983295
labvalues_hematocrit_min_m,0.00042820702722400484
labvalues_rdw_std_m,0.00042711215399464207
labvalues_hemoglobin_max_m,0.0004270529164241452
labvalues_asparate_aminotransferase_(ast)_median_m,0.00042500591127475216
labvalues_absolute_lymphocyte_count_max_m,0.00042324661828035915
labvalues_absolute_lymphocyte_count_first_m,0.0004230631307184467
labvalues_hemoglobin_coeff_m,0.0004226213680503861
labvalues_rdw_rate_change_m,0.0004216637461667858
vitals_sbp_rate_change_m,0.0004187656939629392
labvalues_creatine_kinase_(ck)_last_m,0.0004139871719301027
labvalues_base_excess_min,0.00041149360121724496
"labvalues_calcium,_total_min",0.0004097843640707879
labvalues_pt_max,0.0004078383036648461
"labvalues_calcium,_total_first",0.0004027283326819031
labvalues_hematocrit_median,0.00040152015884260096
labvalues_creatine_kinase_(ck)_first_m,0.0004013800994640633
labvalues_neutrophils_coeff_m,0.00040107427993461896
vitals_sbp_coeff_m,0.0004007319457280545
labvalues_creatine_kinase_(ck)_mean_m,0.00039995308822053134
"labvalues_calcium,_total_rate_change_m",0.00039776285921368524
"labvalues_calcium,_total_first_m",0.0003976599507488743
"labvalues_bilirubin,_total_median_m",0.00039570967756355914
labvalues_eosinophils_min_m,0.0003931943585496356
vitals_sbp_median_m,0.0003928138031415358
labvalues_creatine_kinase_(ck)_max_m,0.0003926227643365792
labvalues_hemoglobin_min_m,0.00039210093809469984
labvalues_rdw_min_m,0.00038917386491147
labvalues_base_excess_first,0.0003888736856210926
labvalues_neutrophils_std_m,0.00038831165303713534
labvalues_absolute_basophil_count_median_m,0.00038761093575482165
"labvalues_bilirubin,_total_std_m",0.0003868423555593381
vitals_temperature_median,0.0003825419161141639
labvalues_creatine_kinase_(ck)_std_m,0.00038249759563450426
labvalues_ptt_median,0.0003800689372251327
labvalues_absolute_lymphocyte_count_min_m,0.00037394935796748995
labvalues_asparate_aminotransferase_(ast)_max_m,0.00037355123823545
labvalues_neutrophils_mean_m,0.0003733932329829628
labvalues_hemoglobin_std_m,0.00037222856152556005
labvalues_neutrophils_rate_change_m,0.0003720844099138958
labvalues_creatine_kinase_(ck)_coeff_m,0.00037189684289857183
labvalues_creatine_kinase_(ck)_rate_change_m,0.00037092454454213454
"labvalues_creatine_kinase,_mb_isoenzyme_first_m",0.00036974661324998693
labvalues_basophils_coeff_m,0.00036816658642152333
labvalues_hematocrit_std_m,0.0003672194176771981
"labvalues_creatine_kinase,_mb_isoenzyme_std_m",0.00036712537364219953
vitals_sbp_std_m,0.00036481323484645144
labvalues_ptt_mean,0.0003646786447455383
labvalues_asparate_aminotransferase_(ast)_rate_change_m,0.0003644870590114806
labvalues_absolute_basophil_count_std_m,0.0003633267330021397
labvalues_basophils_min_m,0.0003627504558015744
labvalues_creatine_kinase_(ck)_min_m,0.00036130333288240024
"labvalues_bilirubin,_total_coeff_m",0.0003609166809213988
"labvalues_creatine_kinase,_mb_isoenzyme_max_m",0.000358985352294269
vitals_resprate_rate_change,0.00035808749048732127
labvalues_glucose_rate_change_m,0.0003579648899171843
"labvalues_creatine_kinase,_mb_isoenzyme_median_m",0.00035559437314356047
labvalues_alanine_aminotransferase_(alt)_coeff_m,0.00035558266230943756
vitals_temperature_std,0.0003550735961907208
labvalues_neutrophils_median_m,0.0003550013475167333
vitals_heartrate_mean_m,0.000354478335349512
labvalues_asparate_aminotransferase_(ast)_min_m,0.00035124738837021143
labvalues_c-reactive_protein_rate_change_m,0.00034821520256772944
labvalues_glucose_std_m,0.0003464501829244
labvalues_creatinine_mean,0.0003455753784105582
labvalues_alanine_aminotransferase_(alt)_last_m,0.0003409084170129688
labvalues_rdw_median,0.00034038627334579275
labvalues_c-reactive_protein_first_m,0.00034003459451426466
vitals_resprate_coeff,0.00033958774140667637
labvalues_c-reactive_protein_std_m,0.00033791041526464485
labvalues_creatinine_median,0.0003360920902577078
labvalues_alanine_aminotransferase_(alt)_mean_m,0.0003356574098051155
labvalues_c-reactive_protein_coeff_m,0.00033507092432024163
labvalues_c-reactive_protein_mean_m,0.0003346040851186558
labvalues_neutrophils_min_m,0.00033404846189853286
"labvalues_creatine_kinase,_mb_isoenzyme_last_m",0.00033280750566802195
labvalues_basophils_last_m,0.0003323687988773969
labvalues_absolute_basophil_count_min_m,0.00033185885891464295
labvalues_neutrophils_last_m,0.00033177873245108456
labvalues_ph_min_m,0.000330540086869064
labvalues_basophils_first_m,0.0003298223231294557
labvalues_lactate_first,0.00032963708340372476
labvalues_c-reactive_protein_median_m,0.0003290741780649071
labvalues_c-reactive_protein_min_m,0.00032736129814493607
"labvalues_creatine_kinase,_mb_isoenzyme_mean_m",0.0003254817312829772
labvalues_absolute_lymphocyte_count_rate_change_m,0.0003241964379270428
labvalues_oxygen_saturation_median,0.0003238534020018733
labvalues_hemoglobin_last_m,0.0003230695945521802
labvalues_ph_mean_m,0.0003228846414903046
labvalues_eosinophils_max_m,0.00032202570384984595
labvalues_c-reactive_protein_max_m,0.00032180401929443294
vitals_temperature_first_m,0.00032104658062204905
labvalues_c-reactive_protein_last_m,0.0003208241628755566
labvalues_ph_median_m,0.0003185452770876509
labvalues_glucose_median_m,0.00031783023715263424
vitals_temperature_rate_change_m,0.0003168781509922667
labvalues_ph_std_m,0.00031301584028503273
vitals_dbp_max_m,0.0003125694179500442
labvalues_platelet_count_mean_m,0.0003097205680802233
labvalues_asparate_aminotransferase_(ast)_last_m,0.00030848558855666396
labvalues_ph_last_m,0.00030365324975576867
labvalues_albumin_median_m,0.0003030030797465315
vitals_heartrate_min_m,0.0003027217780234537
labvalues_creatinine_last,0.00030247113579815734
"labvalues_creatine_kinase,_mb_isoenzyme_coeff_m",0.0003019845710099105
vitals_heartrate_rate_change_m,0.00029928264344812307
vitals_o2sat_std_m,0.00029807077210057287
labvalues_phosphate_last_m,0.00029658885461481075
labvalues_potassium_last,0.00029376417755816854
labvalues_alanine_aminotransferase_(alt)_median_m,0.0002910428759003878
labvalues_absolute_basophil_count_max_m,0.00029019237513750796
"labvalues_creatine_kinase,_mb_isoenzyme_min_m",0.00028890326651223575
labvalues_lactate_mean,0.00028761880927172
labvalues_alanine_aminotransferase_(alt)_first_m,0.0002871460716799845
"labvalues_bilirubin,_total_max_m",0.0002860389684787492
labvalues_hemoglobin_std,0.0002860233872924596
labvalues_red_blood_cells_max_m,0.0002839600409208174
labvalues_ph_rate_change_m,0.00028340136181631694
labvalues_asparate_aminotransferase_(ast)_mean_m,0.00028015819417282725
labvalues_ph_first_m,0.00028008318216660654
labvalues_absolute_basophil_count_last_m,0.00028005889524189344
labvalues_neutrophils_first_m,0.0002797243872647641
labvalues_glucose_mean_m,0.000279019727591276
labvalues_pco2_max,0.0002779909901286075
labvalues_potassium_median,0.00027411646555771085
labvalues_albumin_min_m,0.00027186753186157374
labvalues_neutrophils_max_m,0.00026708614743205315
labvalues_ph_max_m,0.0002669088301563818
labvalues_ph_min,0.00026336044159063474
labvalues_ph_last,0.000262657343144042
labvalues_glucose_coeff_m,0.0002606435317878386
"labvalues_calcium,_total_median_m",0.0002600622934744621
labvalues_lactate_median,0.0002599879251069197
"labvalues_creatine_kinase,_mb_isoenzyme_rate_change_m",0.000259691941654836
labvalues_hemoglobin_mean_m,0.0002579482726639526
vitals_temperature_std_m,0.00025775479473052164
labvalues_absolute_lymphocyte_count_std_m,0.0002576030840188395
labvalues_potassium_min,0.0002566375160140382
labvalues_albumin_coeff_m,0.0002557554405052542
labvalues_creatinine_min,0.00025337810905826785
labvalues_red_blood_cells_rate_change_m,0.00025221471645414087
labvalues_red_blood_cells_min_m,0.0002521939592532112
labvalues_creatinine_first,0.0002516990882095769
vitals_temperature_coeff_m,0.00024971952765343985
labvalues_asparate_aminotransferase_(ast)_first_m,0.0002492971515458038
vitals_heartrate_median_m,0.0002487258228057954
labvalues_eosinophils_median_m,0.00024763488803997814
labvalues_hematocrit_first_m,0.0002470770201956043
labvalues_albumin_rate_change_m,0.00024694270176173205
vitals_o2sat_last_m,0.00024635730499770146
labvalues_phosphate_median,0.000245341227378705
vitals_o2sat_first_m,0.0002443997486169209
labvalues_alkaline_phosphatase_max_m,0.00024412188544869196
labvalues_asparate_aminotransferase_(ast)_std_m,0.00024393641427684543
labvalues_hemoglobin_first_m,0.0002435056478395836
vitals_o2sat_max_m,0.00024335545047139817
labvalues_red_blood_cells_coeff_m,0.00024272859240832644
labvalues_phosphate_mean_m,0.0002423221520549532
vitals_dbp_rate_change,0.00024144962078355547
labvalues_phosphate_last,0.00023650240129575195
labvalues_hematocrit_mean_m,0.00023494369666976668
labvalues_white_blood_cells_coeff_m,0.0002343370763563204
labvalues_hematocrit_max_m,0.00023377149407085085
labvalues_alkaline_phosphatase_coeff_m,0.0002306716102440305
labvalues_pco2_last,0.0002282400391823387
vitals_o2sat_min_m,0.00022778172105068962
labvalues_phosphate_median_m,0.00022551563866625202
labvalues_phosphate_first,0.00022518443798730914
vitals_dbp_rate_change_m,0.00022517138933829983
labvalues_lactate_last,0.00022329371984463364
labvalues_alanine_aminotransferase_(alt)_max_m,0.00022311341646837947
labvalues_absolute_basophil_count_coeff_m,0.00022284473240699753
"labvalues_bilirubin,_total_mean_m",0.0002224655776040052
labvalues_bands_mean,0.00022170664916120586
labvalues_red_blood_cells_first_m,0.00021998781793091383
labvalues_phosphate_max_m,0.0002198268099488132
labvalues_ph_coeff_m,0.00021960620649726792
labvalues_lactate_min,0.00021949887683005896
labvalues_bands_last,0.00021850460214227496
labvalues_pco2_median,0.00021780253504688404
vitals_heartrate_last_m,0.00021772482376206882
labvalues_eosinophils_last_m,0.00021746596332135936
labvalues_creatinine_max,0.00021742759171371518
labvalues_absolute_eosinophil_count_max_m,0.00021592297013859962
labvalues_basophils_mean_m,0.00021446045738264275
vitals_dbp_last_m,0.00021419401113246294
labvalues_absolute_lymphocyte_count_min,0.00021396310350583293
vitals_temperature_median_m,0.0002121586395808208
vitals_heartrate_first_m,0.000210551304849389
labvalues_platelet_count_coeff_m,0.00020929362148967812
labvalues_basophils_median_m,0.000207537663725887
vitals_temperature_mean_m,0.00020463434128234327
vitals_temperature_last_m,0.00020370429182446515
labvalues_alanine_aminotransferase_(alt)_rate_change_m,0.00020283501752069811
labvalues_absolute_eosinophil_count_median_m,0.00020251544083350838
labvalues_absolute_lymphocyte_count_max,0.0002022082775585403
labvalues_bands_median,0.0002021290098466295
labvalues_phosphate_mean,0.00020192413335752234
labvalues_absolute_eosinophil_count_std_m,0.00020004789976734116
labvalues_pco2_mean,0.00019989552742506332
vitals_o2sat_mean_m,0.00019871116568705106
labvalues_albumin_max_m,0.00019851476229337095
labvalues_absolute_eosinophil_count_coeff_m,0.00019788836871015292
vitals_heartrate_std_m,0.00019764508684306747
labvalues_absolute_eosinophil_count_mean_m,0.0001973776771190785
labvalues_platelet_count_max_m,0.00019725506999600383
labvalues_bands_max,0.00019713154594965942
labvalues_absolute_eosinophil_count_last_m,0.00019440480006001693
labvalues_absolute_basophil_count_mean_m,0.00019438271913978865
labvalues_phosphate_min,0.0001928796871561076
vitals_temperature_mean,0.00019230759081378325
labvalues_white_blood_cells_max_m,0.00019162164192747166
labvalues_base_excess_median,0.0001915449453517404
labvalues_magnesium_last,0.00019075484891394013
labvalues_base_excess_mean,0.00018937074300272628
labvalues_glucose_max_m,0.0001885293599959823
vitals_temperature_min_m,0.00018661758016852304
vitals_dbp_coeff,0.00018606134389585803
labvalues_hematocrit_coeff_m,0.00018484300840270862
labvalues_alkaline_phosphatase_rate_change_m,0.0001848206483467152
labvalues_phosphate_max,0.00018473508044198895
labvalues_bands_min,0.00018445100455548414
labvalues_absolute_eosinophil_count_min_m,0.00018323420385833345
labvalues_base_excess_last,0.00018312386871320997
vitals_o2sat_rate_change_m,0.00018211050172885736
labvalues_red_blood_cells_std_m,0.00018195013803243398
labvalues_absolute_lymphocyte_count_median,0.0001814432100146206
labvalues_bands_first,0.00018125026240818442
labvalues_magnesium_max,0.0001812355339355527
labvalues_pco2_std,0.00018117437366163357
labvalues_alanine_aminotransferase_(alt)_std_m,0.00018017947232084453
labvalues_phosphate_std_m,0.00017918925958351295
labvalues_absolute_basophil_count_first_m,0.00017801109095995571
vitals_dbp_std_m,0.00017759062995486373
labvalues_asparate_aminotransferase_(ast)_coeff_m,0.00017743522937223587
labvalues_base_excess_std,0.00017667746311053633
vitals_sbp_rate_change,0.00017649118812583265
vitals_o2sat_median_m,0.00017642553807702298
labvalues_phosphate_min_m,0.00017608893260899095
labvalues_inr(pt)_last,0.0001740521474352974
labvalues_magnesium_median,0.00017160894113639458
"labvalues_fibrinogen,_functional_median",0.00016987372119650957
labvalues_absolute_eosinophil_count_first_m,0.00016888687393355184
labvalues_glucose_std,0.00016683856265264297
labvalues_magnesium_mean,0.00016633873057999305
labvalues_basophils_std_m,0.00016528462366695608
labvalues_albumin_last_m,0.0001637787736040792
labvalues_pco2_min,0.0001630145435075008
labvalues_phosphate_rate_change_m,0.00016226728829707326
"labvalues_calcium,_total_last_m",0.00016181552995963954
labvalues_base_excess_max,0.00016175547342946216
labvalues_albumin_mean_m,0.00016105892512882747
labvalues_alkaline_phosphatase_first_m,0.00014745717133121162
labvalues_albumin_std_m,0.00014698851772604015
labvalues_magnesium_first,0.00014662444852170785
labvalues_albumin_first_m,0.0001452487754155456
"labvalues_bilirubin,_total_min_m",0.00014480447448404733
labvalues_hematocrit_last_m,0.00014462204919416877
labvalues_troponin_t_first,0.00014416026441072205
labvalues_magnesium_min,0.00014415555171247264
labvalues_troponin_t_min,0.00014403046499629469
labvalues_troponin_t_last,0.0001430837789362429
labvalues_troponin_t_mean,0.00014287378319467693
labvalues_troponin_t_max,0.00014262241125056362
labvalues_troponin_t_median,0.00014237027573891847
labvalues_ph_median,0.00014233259523972918
vitals_heartrate_rate_change,0.00013692479568703676
"labvalues_fibrinogen,_functional_last",0.00013686890325691081
labvalues_inr(pt)_min,0.00013656387561877635
labvalues_oxygen_saturation_max,0.00013613865946169313
vitals_dbp_min_m,0.00013556261398017
labvalues_alkaline_phosphatase_min_m,0.00013419257119312534
"labvalues_fibrinogen,_functional_first",0.00013345789637714844
labvalues_oxygen_saturation_min,0.00013311275235841435
labvalues_phosphate_first_m,0.0001323068318015963
vitals_dbp_coeff_m,0.00013200180828247722
labvalues_oxygen_saturation_first,0.0001313977772089636
labvalues_absolute_lymphocyte_count_first,0.00012995796375588498
labvalues_alkaline_phosphatase_mean_m,0.00012921829579011046
labvalues_white_blood_cells_min_m,0.00012781531271221523
labvalues_white_blood_cells_first_m,0.00012749077065834057
labvalues_white_blood_cells_rate_change_m,0.0001271813452245567
"labvalues_bilirubin,_total_min",0.00012444657386464543
labvalues_ph_first,0.00012440604154765822
labvalues_ph_mean,0.00012401808086762145
"labvalues_fibrinogen,_functional_mean_m",0.00012083842483816909
"labvalues_fibrinogen,_functional_rate_change_m",0.00011961533144098979
"labvalues_fibrinogen,_functional_median_m",0.0001195974983319843
"labvalues_fibrinogen,_functional_coeff_m",0.00011956751397553945
"labvalues_fibrinogen,_functional_last_m",0.00011952050561683336
"labvalues_fibrinogen,_functional_first_m",0.00011826590853983987
"labvalues_fibrinogen,_functional_std_m",0.00011741292792578406
"labvalues_fibrinogen,_functional_min_m",0.0001173022567225246
labvalues_red_blood_cells_median_m,0.00011662659520312246
labvalues_inr(pt)_max,0.00011639332001550428
"labvalues_fibrinogen,_functional_max_m",0.00011616610009881257
labvalues_bands_std_m,0.0001158703352358259
vitals_dbp_median_m,0.00011452617629740302
vitals_dbp_first_m,0.00011396480570996914
labvalues_white_blood_cells_last_m,0.00011376793032889054
labvalues_base_excess_coeff_m,0.00011335006442766372
labvalues_base_excess_first_m,0.0001130131072625602
labvalues_platelet_count_median_m,0.00011210911649093003
labvalues_pco2_rate_change_m,0.00011151051018237013
labvalues_red_blood_cells_mean_m,0.00011129388113566563
labvalues_base_excess_min_m,0.00011071001167860573
"labvalues_bilirubin,_total_mean",0.00011017457243342932
labvalues_pco2_coeff_m,0.00011007610413548719
labvalues_ph_max,0.00010970759396867357
labvalues_base_excess_median_m,0.00010896240107572907
labvalues_pco2_std_m,0.00010825767389553675
labvalues_base_excess_max_m,0.00010795286459812203
labvalues_base_excess_last_m,0.0001076129061481268
vitals_heartrate_coeff_m,0.00010755324396644284
"labvalues_fibrinogen,_functional_mean",0.00010750069244901184
labvalues_platelet_count_first_m,0.00010732406141056572
vitals_o2sat_coeff_m,0.00010673128211121252
labvalues_base_excess_mean_m,0.00010599894474770366
labvalues_inr(pt)_median,0.00010580166504445643
labvalues_pco2_median_m,0.00010541470165131273
labvalues_alkaline_phosphatase_last_m,0.00010493444337220125
labvalues_red_blood_cells_last_m,0.00010492123703556545
labvalues_pco2_first_m,0.0001047854292704784
labvalues_inr(pt)_first,0.00010468776958427384
labvalues_base_excess_std_m,0.00010438714283657192
labvalues_pco2_max_m,0.0001043458427463122
labvalues_pco2_last_m,0.00010423481694666137
labvalues_platelet_count_last_m,0.00010400514961094132
labvalues_inr(pt)_mean,0.00010393872549789762
labvalues_pco2_min_m,0.00010384685604619648
"labvalues_creatine_kinase,_mb_isoenzyme_median",0.00010270980384304095
labvalues_pco2_mean_m,0.00010207181951527389
"labvalues_bilirubin,_total_rate_change_m",0.00010206392704584034
labvalues_absolute_lymphocyte_count_last,0.00010068138657126725
vitals_o2sat_rate_change,0.00010040884591587317
labvalues_white_blood_cells_mean_m,9.910569843754046e-05
variance,9.572902698602093e-05
labvalues_hematocrit_median_m,9.452953803004505e-05
labvalues_oxygen_saturation_last,9.438058710579611e-05
labvalues_oxygen_saturation_mean,9.434629133023975e-05
"labvalues_bilirubin,_total_median",9.338439811710375e-05
labvalues_bands_max_m,9.274703757591852e-05
labvalues_bands_median_m,9.185622261210824e-05
labvalues_white_blood_cells_median_m,9.143421332864055e-05
labvalues_platelet_count_rate_change_m,9.120812323187799e-05
labvalues_bands_first_m,9.024907880840516e-05
labvalues_eosinophils_coeff_m,9.023753324562022e-05
"labvalues_creatine_kinase,_mb_isoenzyme_min",8.949940939201805e-05
labvalues_platelet_count_std_m,8.939057180324994e-05
"labvalues_bilirubin,_total_last",8.877587532597886e-05
labvalues_bands_min_m,8.74901328497515e-05
"labvalues_fibrinogen,_functional_min",8.747253694438584e-05
labvalues_bands_coeff_m,8.545242440948186e-05
"labvalues_bilirubin,_total_max",8.431533613665465e-05
labvalues_bands_mean_m,8.21640076375978e-05
vitals_dbp_mean_m,8.101304483757588e-05
labvalues_white_blood_cells_std_m,7.825483151752977e-05
labvalues_platelet_count_min_m,7.773926555049115e-05
"labvalues_creatine_kinase,_mb_isoenzyme_mean",7.72172011807104e-05
"labvalues_fibrinogen,_functional_max",7.661800479429814e-05
labvalues_bands_last_m,7.613991872123194e-05
vitals_temperature_coeff,7.531486325120262e-05
"labvalues_bilirubin,_total_first",7.529218140744475e-05
labvalues_alkaline_phosphatase_std_m,7.285345188094183e-05
labvalues_phosphate_coeff_m,7.254834652283648e-05
labvalues_alkaline_phosphatase_median_m,7.198934896267416e-05
labvalues_base_excess_rate_change_m,7.084965400699827e-05
"labvalues_creatine_kinase,_mb_isoenzyme_last",7.076688835572043e-05
labvalues_absolute_lymphocyte_count_mean,6.673203838165876e-05
labvalues_lactate_std,6.455181021738099e-05
labvalues_absolute_eosinophil_count_last,6.446787478109572e-05
labvalues_absolute_eosinophil_count_first,6.36618178924948e-05
labvalues_hematocrit_rate_change_m,6.037948954173089e-05
labvalues_absolute_eosinophil_count_mean,5.900498140712074e-05
"labvalues_creatine_kinase,_mb_isoenzyme_first",5.600887884876249e-05
labvalues_oxygen_saturation_min_m,5.547481324088732e-05
labvalues_oxygen_saturation_rate_change_m,5.498378133471249e-05
labvalues_oxygen_saturation_last_m,5.4866354565533014e-05
labvalues_oxygen_saturation_coeff_m,5.45112278052855e-05
labvalues_platelet_count_std,5.3121050004847344e-05
labvalues_oxygen_saturation_rate_change,5.269019561819732e-05
labvalues_absolute_eosinophil_count_min,5.217151750505167e-05
labvalues_absolute_eosinophil_count_median,5.174386138553633e-05
vitals_temperature_rate_change,5.0744371154166856e-05
labvalues_oxygen_saturation_mean_m,5.0220962481194784e-05
labvalues_absolute_basophil_count_median,4.994702483890207e-05
labvalues_absolute_basophil_count_min,4.992487776177512e-05
labvalues_oxygen_saturation_first_m,4.958557181922174e-05
labvalues_oxygen_saturation_std_m,4.937561405568403e-05
labvalues_absolute_basophil_count_mean,4.906933674399605e-05
labvalues_absolute_basophil_count_last,4.878681071543056e-05
labvalues_absolute_basophil_count_max,4.852283104717081e-05
"labvalues_creatine_kinase,_mb_isoenzyme_max",4.825054325057554e-05
labvalues_absolute_basophil_count_first,4.781787077918143e-05
labvalues_pco2_coeff,4.776548841618933e-05
labvalues_oxygen_saturation_max_m,4.655151099361277e-05
labvalues_oxygen_saturation_median_m,4.637487060128498e-05
vitals_o2sat_coeff,3.817301453214572e-05
labvalues_hemoglobin_coeff,2.8907290225021143e-05
labvalues_oxygen_saturation_std,2.8572240349603816e-05
labvalues_absolute_eosinophil_count_max,2.7717462632626143e-05
labvalues_hemoglobin_rate_change,2.6494744015332576e-05
labvalues_hematocrit_std,2.5862606475129723e-05
labvalues_carboxyhemoglobin_rate_change_m,2.264390798518434e-05
"labvalues_bilirubin,_direct_std_m",2.255364946246763e-05
labvalues_free_calcium_max,2.1954104374619865e-05
"labvalues_bilirubin,_direct_min_m",2.143484193601486e-05
"labvalues_bilirubin,_direct_mean_m",2.1037301776889338e-05
labvalues_free_calcium_std_m,2.0909105686862994e-05
"labvalues_bilirubin,_direct_last_m",1.998990295021519e-05
labvalues_free_calcium_last,1.993393486066708e-05
labvalues_free_calcium_mean,1.9899447781043023e-05
"labvalues_bilirubin,_direct_coeff_m",1.9867734734833333e-05
labvalues_free_calcium_first,1.9717232769765225e-05
labvalues_free_calcium_median,1.9645957689726102e-05
labvalues_free_calcium_max_m,1.9491450462695957e-05
"labvalues_bilirubin,_direct_max_m",1.9414597299572372e-05
labvalues_asparate_aminotransferase_(ast)_std,1.9340308383107185e-05
labvalues_free_calcium_min,1.920233405736549e-05
"labvalues_bilirubin,_direct_first_m",1.9172253845037847e-05
"labvalues_bilirubin,_direct_median_m",1.8974933766829516e-05
labvalues_free_calcium_rate_change_m,1.850074995299189e-05
labvalues_free_calcium_last_m,1.833457782194703e-05
labvalues_free_calcium_median_m,1.7332335989332483e-05
labvalues_free_calcium_coeff_m,1.6739395968462744e-05
labvalues_free_calcium_min_m,1.6169902946480797e-05
labvalues_free_calcium_mean_m,1.6024574762299794e-05
labvalues_base_excess_rate_change,1.497296689194627e-05
labvalues_free_calcium_first_m,1.4638236476447908e-05
labvalues_pt_std,1.1668217921396717e-05
labvalues_glucose_coeff,1.1569826354776325e-05
"labvalues_bilirubin,_direct_rate_change_m",1.149478767616241e-05
labvalues_oxygen_saturation_coeff,9.730741716339254e-06
"labvalues_bilirubin,_direct_median",7.255964880869214e-06
labvalues_alkaline_phosphatase_std,6.250076461583376e-06
labvalues_glucose_rate_change,6.19541537374968e-06
labvalues_alanine_aminotransferase_(alt)_std,6.0624377802014355e-06
"labvalues_bilirubin,_direct_min",6.025423830866572e-06
labvalues_white_blood_cells_std,6.007876887451858e-06
"labvalues_bilirubin,_direct_last",5.282176361574465e-06
"labvalues_bilirubin,_direct_mean",5.225187048636837e-06
"labvalues_bilirubin,_direct_max",5.150579305356118e-06
labvalues_sodium_std,4.762318723805947e-06
"labvalues_bilirubin,_direct_first",4.2046128701631045e-06
labvalues_red_blood_cells_std,4.139311677135993e-06
labvalues_carboxyhemoglobin_coeff_m,4.006188486528117e-06
labvalues_carboxyhemoglobin_mean_m,3.7659548652300144e-06
labvalues_carboxyhemoglobin_max_m,3.7264498023432678e-06
labvalues_carboxyhemoglobin_min,3.6442811815504683e-06
labvalues_carboxyhemoglobin_last,3.5757060068135615e-06
labvalues_carboxyhemoglobin_std_m,3.4257793267897795e-06
labvalues_carboxyhemoglobin_last_m,3.397145874259877e-06
labvalues_carboxyhemoglobin_first_m,3.3951926401414313e-06
labvalues_carboxyhemoglobin_median_m,3.383486600796459e-06
labvalues_carboxyhemoglobin_mean,3.368332336322055e-06
labvalues_carboxyhemoglobin_min_m,3.3486848114989696e-06
labvalues_carboxyhemoglobin_median,3.2873320051294285e-06
labvalues_carboxyhemoglobin_first,3.1905200139590305e-06
labvalues_carboxyhemoglobin_max,3.120276247500442e-06
labvalues_asparate_aminotransferase_(ast)_rate_change,2.8142568189650773e-06
labvalues_lactate_rate_change,2.6765908170318653e-06
labvalues_neutrophils_std,2.369968337006867e-06
labvalues_lymphocytes_std,2.2250511683523657e-06
labvalues_chloride_std,2.093332353979349e-06
labvalues_base_excess_coeff,1.9565691327443347e-06
labvalues_platelet_count_coeff,1.8986525465152226e-06
labvalues_basophils_rate_change,1.6849971143528818e-06
labvalues_creatinine_rate_change,1.5361246187239884e-06
labvalues_hematocrit_rate_change,1.5038448218547274e-06
labvalues_hematocrit_coeff,1.444095149054192e-06
labvalues_ptt_std,1.1892773036379366e-06
labvalues_lactate_coeff,1.1524160282192497e-06
labvalues_potassium_std,1.132402307121083e-06
labvalues_rdw_std,1.0529757782933302e-06
labvalues_pco2_rate_change,9.84877157407027e-07
labvalues_ptt_coeff,8.278039131255355e-07
labvalues_inr(pt)_std,7.029339030850679e-07
labvalues_potassium_rate_change,6.328248055069707e-07
labvalues_pt_coeff,5.971573973511113e-07
labvalues_sodium_rate_change,5.913479872106109e-07
labvalues_urea_nitrogen_std,5.889228486921638e-07
labvalues_red_blood_cells_rate_change,5.796189402644814e-07
labvalues_inr(pt)_rate_change,5.225197091931478e-07
labvalues_ptt_rate_change,5.151916266186163e-07
labvalues_white_blood_cells_rate_change,5.124788658577017e-07
labvalues_chloride_rate_change,4.613243872881867e-07
labvalues_asparate_aminotransferase_(ast)_coeff,4.202933341730386e-07
labvalues_pt_rate_change,4.067989684699569e-07
labvalues_eosinophils_std,4.012146091554314e-07
labvalues_creatinine_std,3.6511228972813113e-07
labvalues_white_blood_cells_coeff,3.603114564612042e-07
labvalues_basophils_std,3.4219136477986466e-07
labvalues_eosinophils_rate_change,3.3059675479307773e-07
labvalues_platelet_count_rate_change,3.2712289134906316e-07
labvalues_sodium_coeff,2.5613343677832743e-07
labvalues_rdw_rate_change,2.165913174394518e-07
labvalues_alkaline_phosphatase_rate_change,1.9257597159594296e-07
labvalues_rdw_coeff,1.7398461932316422e-07
labvalues_lymphocytes_rate_change,1.7095053590310273e-07
labvalues_urea_nitrogen_coeff,1.606009991519386e-07
labvalues_free_calcium_rate_change,1.5125687059480696e-07
labvalues_alkaline_phosphatase_coeff,1.412929268553853e-07
labvalues_urea_nitrogen_rate_change,1.346066201222129e-07
labvalues_red_blood_cells_coeff,1.183506252573352e-07
labvalues_alanine_aminotransferase_(alt)_coeff,1.0839982860488817e-07
labvalues_neutrophils_rate_change,9.918743262460338e-08
labvalues_chloride_coeff,9.716839849716052e-08
labvalues_alanine_aminotransferase_(alt)_rate_change,7.50632243580185e-08
labvalues_free_calcium_std,7.019748591119424e-08
labvalues_absolute_basophil_count_rate_change,6.607393879676238e-08
labvalues_absolute_lymphocyte_count_std,5.852828689967282e-08
labvalues_absolute_eosinophil_count_rate_change,5.4797139455331487e-08
labvalues_lymphocytes_coeff,4.2450748878763986e-08
labvalues_creatinine_coeff,3.7729301112676697e-08
labvalues_neutrophils_coeff,2.0609392322512578e-08
labvalues_absolute_eosinophil_count_std,2.0020273950649427e-08
labvalues_inr(pt)_coeff,1.692564876520919e-08
labvalues_absolute_lymphocyte_count_rate_change,1.4526096492772921e-08
labvalues_basophils_coeff,1.1834486485895469e-08
labvalues_absolute_basophil_count_std,7.9235942394007e-09
labvalues_potassium_coeff,7.047992880870879e-09
labvalues_absolute_lymphocyte_count_coeff,6.7970340751344335e-09
labvalues_eosinophils_coeff,6.423314971470973e-09
labvalues_free_calcium_coeff,2.8847177873103646e-09
labvalues_absolute_eosinophil_count_coeff,1.0131363978871377e-09
labvalues_absolute_basophil_count_coeff,2.872324103009305e-10
labvalues_ph_coeff,0.0
demographics_gender_m,0.0
demographics_age_m,0.0
labvalues_albumin_std,0.0
labvalues_bicarbonate_std,0.0
labvalues_bicarbonate_rate_change,0.0
labvalues_bicarbonate_coeff,0.0
"labvalues_bilirubin,_direct_rate_change",0.0
"labvalues_calcium,_total_coeff",0.0
labvalues_c-reactive_protein_coeff,0.0
"labvalues_calcium,_total_std",0.0
"labvalues_bilirubin,_direct_coeff",0.0
"labvalues_bilirubin,_direct_std",0.0
labvalues_carboxyhemoglobin_rate_change,0.0
labvalues_carboxyhemoglobin_std,0.0
labvalues_bands_coeff,0.0
labvalues_bands_rate_change,0.0
labvalues_bands_std,0.0
labvalues_phosphate_coeff,0.0
labvalues_magnesium_coeff,0.0
labvalues_phosphate_rate_change,0.0
labvalues_phosphate_std,0.0
labvalues_ph_rate_change,0.0
"labvalues_calcium,_total_rate_change",0.0
"labvalues_fibrinogen,_functional_coeff",0.0
"labvalues_fibrinogen,_functional_std",0.0
labvalues_creatine_kinase_(ck)_std,0.0
labvalues_albumin_coeff,0.0
labvalues_carboxyhemoglobin_coeff,0.0
"labvalues_fibrinogen,_functional_rate_change",0.0
labvalues_albumin_rate_change,0.0
"labvalues_creatine_kinase,_mb_isoenzyme_std",0.0
labvalues_creatine_kinase_(ck)_coeff,0.0
labvalues_creatine_kinase_(ck)_rate_change,0.0
"labvalues_creatine_kinase,_mb_isoenzyme_coeff",0.0
"labvalues_creatine_kinase,_mb_isoenzyme_rate_change",0.0
labvalues_troponin_t_std,0.0
labvalues_magnesium_rate_change,0.0
labvalues_magnesium_std,0.0
labvalues_troponin_t_rate_change,0.0
labvalues_troponin_t_coeff,0.0
"labvalues_bilirubin,_total_rate_change",0.0
"labvalues_bilirubin,_total_std",0.0
"labvalues_bilirubin,_total_coeff",0.0
labvalues_c-reactive_protein_std,0.0
labvalues_c-reactive_protein_rate_change,0.0
labvalues_ph_std,0.0
